Cap Code,Manufacturer,Model Name,Variant,Basic List,Ex Works,Registration Fee,RFL 1 Year,Discount,Dealer,Additional,Gov Grant,OTR,CapType,RFL,OTR
KISL00EV 5HE A  3   ,KIA,SOUL,81kW EV 27kWh 5dr Auto,24870.83,495.83,55,0,0,0,0,0,30494.99,CAR,0,30494.99
BMI3009LW5HE A  1   ,BMW,I3,125kW 33kWh 5dr Auto [Lodge Interior World],29033.33,566.67,55,0,6,0,0,0,33484.6,CAR,0,33484.6
BMI300SLW5HE A  1   ,BMW,I3,135kW S 33kWh 5dr Auto [Lodge Interior World],31454.17,566.67,55,0,6,0,0,0,36215.31,CAR,0,36215.31
VWGO15LFE5EPTM  7   ,VOLKSWAGEN,GOLF,1.5 TSI Life 5dr,22016.67,529.17,55,180,16,0,0,0,23062.8,CAR,190,23072.8
MEAC13SPO5HPTA  6   ,MERCEDES-BENZ,A CLASS,A200 Sport 5dr Auto,23841.67,670.83,55,180,8,0,0,0,27361.2,CAR,230,27411.2
BMI30094A5HE A  1   ,BMW,I3,125kW 33kWh 5dr Auto,27783.33,566.67,55,0,6,0,0,0,32074.6,CAR,0,32074.6
BMI3009LI5HE A  1   ,BMW,I3,125kW 33kWh 5dr Auto [Loft Interior World],28616.67,566.67,55,0,6,0,0,0,33014.61,CAR,0,33014.61
BMI3009RI5HR A  1   ,BMW,I3,125kW Range Ext 33kWh 5dr Auto [Loft Int World],31241.67,566.67,55,0,6,0,0,0,35975.61,CAR,0,35975.61
BMI3009SW5HE A  1   ,BMW,I3,125kW 33kWh 5dr Auto [Suite Interior World],29450,566.67,55,0,6,0,0,0,33954.6,CAR,0,33954.6
BMI3009RE5HR A  1   ,BMW,I3,125kW Range Extender 33kWh 5dr Auto,30408.33,566.67,55,0,6,0,0,0,35035.6,CAR,0,35035.6
BMI300S945HE A  1   ,BMW,I3,135kW S 33kWh 5dr Auto,30204.17,566.67,55,0,6,0,0,0,34805.31,CAR,0,34805.31
BMI300SRI5HR A  1   ,BMW,I3,135kW S Range Ext 33kWh 5dr Auto [Loft Int World],33662.5,566.67,55,0,6,0,0,0,38706.3,CAR,0,38706.3
BMI300SLI5HE A  1   ,BMW,I3,135kW S 33kWh 5dr Auto [Loft Interior World],31037.5,566.67,55,0,6,0,0,0,35745.3,CAR,0,35745.3
BMI3009RS5HR A  1   ,BMW,I3,125kW Range Ext 33kWh 5dr Auto [Suite Int World],32075,566.67,55,0,6,0,0,0,36915.6,CAR,0,36915.6
BMI300SRL5HR A  1   ,BMW,I3,135kW S Range Ext 33kWh 5dr Auto [Lodge Int World],34079.17,566.67,55,0,6,0,0,0,39176.31,CAR,0,39176.31
BMI300SRS5HR A  1   ,BMW,I3,135kW S Range Ext 33kWh 5dr Auto [Suite Int World],34495.83,566.67,55,0,6,0,0,0,39646.3,CAR,0,39646.3
KISP16GTL5EPTA4 5   ,KIA,SPORTAGE,1.6T GDi ISG GT-Line 5dr DCT Auto [AWD],24000,537.5,55,555,0,0,0,0,30055,CAR,1420,30920
BMX2202SP5HDTA4     ,BMW,X2,xDrive 20d Sport 5dr Step Auto,31195.83,708.33,55,180,7,0,0,0,35899.54,CAR,230,35949.54
BMX220M205HDTA4     ,BMW,X2,xDrive 20d M Sport 5dr Step Auto,33754.17,708.33,55,180,7,0,0,0,38754.65,CAR,230,38804.65
BMX220M2X5HDTA4     ,BMW,X2,xDrive 20d M Sport X 5dr Step Auto,33754.17,708.33,55,180,7,0,0,0,38754.65,CAR,230,38804.65
NILE00ACE5HE A  1   ,NISSAN,LEAF,110kW Acenta 40kWh 5dr Auto,26200,0,55,0,3,9,0,0,27722.2,CAR,0,27722.2
NILE00TEK5HE A  1   ,NISSAN,LEAF,110kW Tekna 40kWh 5dr Auto,26616.67,0,55,0,3,9,0,0,28162.2,CAR,0,28162.2
BMX220SPO5HDTA4     ,BMW,X2,xDrive 18d Sport 5dr Step Auto,30262.5,708.33,55,180,7,0,0,0,34857.95,CAR,230,34907.95
BMX220MS 5HDTA4     ,BMW,X2,xDrive 18d M Sport 5dr Step Auto,32820.83,708.33,55,180,7,0,0,0,37713.04,CAR,230,37763.04
BMZ420SPO2RPTA  3   ,BMW,Z4,sDrive 20i Sport 2dr Auto,31737.5,708.33,55,220,10,0,0,0,35401.5,CAR,585,35766.5
BMZ430M4O2RPTA  3   ,BMW,Z4,sDrive M40i 2dr Auto,42070.83,708.33,55,555,10,0,0,0,46896.5,CAR,945,47286.5
AUET00ED15EE A4     ,AUDI,E-TRON,300kW 55 Quattro 95kWh Edition 1 5dr Auto,74004.17,550,55,0,0,0,0,0,89520,CAR,0,89520
BMX220SPO5HDTM      ,BMW,X2,sDrive 18d Sport 5dr,27679.17,708.33,55,180,7,0,0,0,31974.95,CAR,230,32024.95
BMX220MS 5HDTA      ,BMW,X2,sDrive 18d M Sport 5dr Step Auto,31570.83,708.33,55,180,7,0,0,0,36318.04,CAR,230,36368.04
BMX220XMS5HDTM      ,BMW,X2,sDrive 18d M Sport X 5dr,30237.5,708.33,55,180,7,0,0,0,34830.05,CAR,190,34840.05
BMX220MS 5HDTM      ,BMW,X2,sDrive 18d M Sport 5dr,30237.5,708.33,55,180,7,0,0,0,34830.05,CAR,230,34880.05
BMX220XMS5HDTA      ,BMW,X2,sDrive 18d M Sport X 5dr Step Auto,31570.83,708.33,55,180,7,0,0,0,36318.04,CAR,230,36368.04
SETR15SEY5EPIM      ,SEAT,TARRACO,1.5 TSI EVO SE Technology 5dr,27270.83,0,55,220,19,0,0,0,26782.24,CAR,585,27147.24
TORA25EXL5EHIA4 7   ,TOYOTA,RAV4,2.5 VVT-i Hybrid Excel 5dr CVT,33320,605,55,150,2,0,0,0,40115.32,CAR,220,40185.32
TOCO18ICO5HHIA  8   ,TOYOTA,COROLLA,1.8 VVT-i Hybrid Icon 5dr CVT,20436.67,605,55,105,17,0,0,0,21240.93,CAR,160,21295.93
TOCO20EXJ5HHIA  8   ,TOYOTA,COROLLA,2.0 VVT-i Hybrid Excel 5dr CVT [JBL],25565.83,605,55,105,17,0,0,0,26349.57,CAR,180,26424.57
TOCO18EXL5EHIA  8   ,TOYOTA,COROLLA,1.8 VVT-i Hybrid Excel 5dr CVT,25182.5,605,55,105,17,0,0,0,25967.78,CAR,180,26042.78
TOCO20EXJ5EHIA  8   ,TOYOTA,COROLLA,2.0 VVT-i Hybrid Excel 5dr CVT [JBL],27178.33,605,55,105,17,0,0,0,27955.61,CAR,180,28030.61
MEGE307PR5EDTA4 1   ,MERCEDES-BENZ,GLE,GLE 400d 4Matic AMG Line Prem 5dr 9G-Tronic [7 St],59395.83,670.83,55,895,8,0,0,0,67327.99,CAR,1420,67852.99
MNCC15SPC6EPTA  3   ,MINI,CLUBMAN,1.5 Cooper Sport 6dr Auto [Comfort Pack],24004.17,437.5,55,180,3,0,0,0,28700.85,CAR,230,28750.85
SMFC00ENS2CE A  2   ,SMART,FORTWO COUPE,60kW EQ Edition Nightsky 17kWh 2dr Auto [22kwCh],20533.33,250,55,0,8,0,0,0,23023.79,CAR,0,23023.79
SMFC00PP22CE A  2   ,SMART,FORTWO COUPE,60kW EQ Prime Prem Plus 17kWh 2dr Auto [22kWCh],17862.5,250,55,0,8,0,0,0,20075.2,CAR,0,20075.2
SMFF00PR25HE A  1   ,SMART,FORFOUR,60kW EQ Prime Premium 17kWh 5dr Auto [22kWCh],17779.17,250,55,0,8,0,0,0,19983.21,CAR,0,19983.21
SMFB00PP22BE A  2   ,SMART,FORTWO CABRIO,60kW EQ Prime Prem Plus 17kWh 2dr Auto [22kWCh],19645.83,250,55,0,8,0,0,0,22043.99,CAR,0,22043.99
SMFC00PR22CE A  2   ,SMART,FORTWO COUPE,60kW EQ Prime Premium 17kWh 2dr Auto [22kWCh],17366.67,250,55,0,8,0,0,0,19527.81,CAR,0,19527.81
SMFC00EPS2CE A  2   ,SMART,FORTWO COUPE,60kW EQ Prime Premium Plus 17kWh 2dr Auto,17633.33,250,55,0,8,0,0,0,19822.19,CAR,0,19822.19
SMFF00EPP5HE A  1   ,SMART,FORFOUR,60kW EQ Prime Premium 5dr Auto 17kWh,17550,250,55,0,8,0,0,0,19730.2,CAR,0,19730.2
SMFB00EPS2BE A  2   ,SMART,FORTWO CABRIO,60kW EQ Prime Premium Plus 17kWh 2dr Auto,19416.67,250,55,0,8,0,0,0,21791.01,CAR,0,21791.01
SMFC00EPP2CE A  2   ,SMART,FORTWO COUPE,60kW EQ Prime Premium 17kWh 2dr Auto,17137.5,250,55,0,8,0,0,0,19274.8,CAR,0,19274.8
MEEQ00LMA5EE A4     ,MERCEDES-BENZ,EQC,EQC 400 300kW AMG Line 80kWh 5dr Auto,59308.33,670.83,55,0,6,0,0,0,67759.79,CAR,0,67759.79
MEAC13PSO4SPTA      ,MERCEDES-BENZ,A CLASS,A180 Sport 4dr Auto,22629.17,670.83,55,180,8,0,0,0,26022.6,CAR,230,26072.6
KINI163  5EXIA  1   ,KIA,NIRO,1.6 GDi PHEV 3 5dr DCT,26879.17,537.5,55,0,0,0,0,0,32955,CAR,0,32955
MEGS203PL5EDTA4 1   ,MERCEDES-BENZ,GLC,GLC 300d 4Matic AMG Line Premium Pls 5dr 9G-Tronic,42833.33,670.83,55,555,8,0,0,0,48702.99,CAR,945,49092.99
BMX530DXL5EXTA4 5   ,BMW,X5,xDrive45e xLine 5dr Auto,55754.17,708.33,55,0,8,0,0,0,62457.6,CAR,0,62457.6
BMX1208SP5EDTA4 3   ,BMW,X1,xDrive 18d Sport 5dr Step Auto,30091.67,708.33,55,180,7,0,0,0,34667.3,CAR,230,34717.3
DS3C00PEL5HE A      ,DS,DS 3,100kW E-TENSE Performance Line 50kWh 5dr Auto,28420.83,583.33,55,0,15,3.5,0,0,28550.57,CAR,0,28550.57
MEGB202OA5EDTA      ,MERCEDES-BENZ,GLB,GLB 200d AMG Line 5dr 8G-Tronic,31016.67,670.83,55,180,8,0,0,0,35282.4,CAR,230,35332.4
TOCH18ICO5HHIA  1   ,TOYOTA,C-HR,1.8 Hybrid Icon 5dr CVT,22940.83,605,55,105,19,0,0,0,23184.48,CAR,160,23239.48
MEGG203AL5EPTA4 1   ,MERCEDES-BENZ,GLC COUPE,GLC 300 4Matic AMG Line 5dr 9G-Tronic,41091.67,670.83,55,895,8,0,0,0,47120.2,CAR,1420,47645.2
LERX35RXS5EHIA4 5   ,LEXUS,RX,450h 3.5 5dr CVT,45415.83,605,55,210,12,0,0,0,48950.12,CAR,935,49675.12
SETR15FS 5EPIM      ,SEAT,TARRACO,1.5 TSI EVO FR Sport 5dr,30925,0,55,220,19,0,0,0,30334.1,CAR,585,30699.1
VWGO15STY5HPTM  7   ,VOLKSWAGEN,GOLF,1.5 TSI Style 5dr,22404.17,529.17,55,180,16,0,0,0,23453.4,CAR,190,23463.4
MEGA13LAE5HPTA  2   ,MERCEDES-BENZ,GLA,GLA 200 AMG Line Executive 5dr Auto,30416.67,670.83,55,180,8,0,0,0,34620,CAR,585,35025
DSD712PEL5HPTA      ,DS,DS 7,1.2 PureTech Performance Line 5dr EAT8,26791.67,583.33,55,180,9,3.5,0,0,29066.25,CAR,230,29116.25
PE2800AP 5HE A  2   ,PEUGEOT,208,100kW Allure Premium 50kWh 5dr Auto,25575,625,55,0,0,2,0,1500,29381.2,CAR,0,29381.2
SIIG12SZ55HPIM  2   ,SUZUKI,IGNIS,1.2 Dualjet 12V Hybrid SZ5 5dr,13808.79,377.88,55,115,0,0,0,0,17194,CAR,180,17259
SIIG12SZT5HPIM  2   ,SUZUKI,IGNIS,1.2 Dualjet 12V Hybrid SZ-T 5dr,12975.46,377.88,55,115,0,0,0,0,16194.01,CAR,180,16259.01
AUET005SR5EE A4     ,AUDI,E-TRON,300kW 55 Quattro 95kWh Sport 5dr Auto,62433.33,550,55,0,0,0,0,0,75635,CAR,0,75635
KINI003  5EE A  1   ,KIA,E-NIRO,150kW 3 64kWh 5dr Auto,30583.33,537.5,55,0,0,0,0,0,37400,CAR,0,37400
SEAA20FR 5EDTA  1   ,SEAT,ATECA,2.0 TDI 150 FR 5dr DSG,27712.5,0,55,180,18,0,0,0,27504.1,CAR,230,27554.1
SEAA205ST5EDTM  1   ,SEAT,ATECA,2.0 TDI 150 SE Technology 5dr,25404.17,0,55,180,18,0,0,0,25232.7,CAR,230,25282.7
KISP162  5EPIM  5   ,KIA,SPORTAGE,1.6 GDi ISG 2 5dr,19608.33,537.5,55,555,0,0,0,0,24785,CAR,585,24815
KISP162  5EPTM4 5   ,KIA,SPORTAGE,1.6T GDi ISG 2 5dr [AWD],20729.17,537.5,55,895,0,0,0,0,26470,CAR,1420,26995
KISP16GTL5EPTM  5   ,KIA,SPORTAGE,1.6T GDi ISG GT-Line 5dr,22012.5,537.5,55,555,0,0,0,0,27670,CAR,945,28060
BM8S44   2CPTA4 1   ,BMW,8 SERIES,M850i xDrive 2dr Auto,84408.33,708.33,55,1910,12,0,0,0,91950.19,CAR,2015,92055.19
MEAC13PSO5HPTM  6   ,MERCEDES-BENZ,A CLASS,A180 Sport 5dr,21216.67,670.83,55,180,8,0,0,0,24463.2,CAR,230,24513.2
MEAC13SE 5HPTA  6   ,MERCEDES-BENZ,A CLASS,A180 SE 5dr Auto,20570.83,616.67,55,180,8,0,0,0,23685.2,CAR,230,23735.2
VWTI20RLI5EDTA  3   ,VOLKSWAGEN,TIGUAN,2.0 TDI R-Line 5dr DSG,31004.17,529.17,55,180,16,0,0,0,32122.2,CAR,230,32172.2
VWTI20RLI5EDTA4 3   ,VOLKSWAGEN,TIGUAN,2.0 TDI 4Motion R-Line 5dr DSG,32362.5,529.17,55,220,16,0,0,0,33531.4,CAR,585,33896.4
VACO00PSN5HE A  6   ,VAUXHALL,CORSA,100kW SE Nav Premium 50kWh 5dr Auto [7.4kWCh],24070.83,583.33,55,0,6.5,1,0,1500,25973.62,CAR,0,25973.62
VACO00ENP5HE A  6   ,VAUXHALL,CORSA,100kW Elite Nav Premium 50kWh 5dr Auto [7.4kWCh],27075,583.33,55,0,9,1,0,1500,28496,CAR,0,28496
LEUX00PPP5HE A      ,LEXUS,UX,300e 150kW 54.3 kWh 5dr E-CVT [Premium Plus Pack],37803.33,605,55,0,7,0,0,0,42969.52,CAR,0,42969.52
BM2S15M364SPTA      ,BMW,2 SERIES,218i [136] M Sport 4dr DCT,25087.5,708.33,55,180,5,0,0,0,29684.75,CAR,230,29734.75
BMX115S365EPTA  3   ,BMW,X1,sDrive 18i [136] SE 5dr Step Auto,25650,708.33,55,180,7,0,0,0,29710.4,CAR,230,29760.4
BMX12078L5EPTA  3   ,BMW,X1,sDrive 20i [178] xLine 5dr Step Auto,29600,708.33,55,180,7,0,0,0,34118.6,CAR,230,34168.6
NIMI10A9C5HPTM  6   ,NISSAN,MICRA,1.0 IG-T 92 Acenta 5dr [Convenience Pack],14133.33,0,55,160,13,0,0,0,14970.2,CAR,190,15000.2
PE5F12GT 5HPTA      ,PEUGEOT,508,1.2 PureTech GT 5dr EAT8,26000,625,55,160,12.5,3.5,0,0,27173,CAR,190,27203
PE5016AP 5EXTA  2   ,PEUGEOT,508,1.6 Hybrid Allure Premium 5dr e-EAT8,32395.83,625,55,0,15.5,2,0,0,32876.87,CAR,0,32876.87
MEGG203PL5EPTA4 1   ,MERCEDES-BENZ,GLC COUPE,GLC 300 4Matic AMG Line Prem Plus 5dr 9G-Tronic,46550,670.83,55,895,8,0,0,0,53146.2,CAR,1420,53671.2
MEAC13SPO4SPTA      ,MERCEDES-BENZ,A CLASS,A200 Sport 4dr Auto,23920.83,670.83,55,180,8,0,0,0,27448.59,CAR,230,27498.59
CIBL15FX75EDTA      ,CITROEN,BERLINGO,1.5 BlueHDi 130 Feel XL 5dr EAT8 [7 seat],22350,629.17,55,160,18,2.5,0,0,22291.9,CAR,230,22361.9
POTY003794SE A      ,PORSCHE,TAYCAN,300kW 79kWh 4dr RWD Auto [5 Seat],60988.33,0,55,0,0,0,0,0,73241,CAR,0,73241
POTY0039 5EE A4     ,PORSCHE,TAYCAN,350kW 4 93kWh 5dr Auto,67916.67,0,55,0,0,0,0,0,81555,CAR,0,81555
POTY00T5S5EE A4     ,PORSCHE,TAYCAN,500kW Turbo 93kWh 5dr Auto [5 Seat],98580,0,55,0,0,0,0,0,118351,CAR,0,118351
SMFB00EBR2BE A  3   ,SMART,FORTWO CABRIO,60kW EQ BRABUS Line 17kWh 2dr Auto [22kWCh],21716.67,250,55,0,8,0,0,0,24330.21,CAR,0,24330.21
MEEA003AL5HE A4     ,MERCEDES-BENZ,EQA,EQA 300 4Matic 168kW AMG Line 66.5kWh 5dr Auto,42208.33,670.83,55,0,8,0,0,0,47457.99,CAR,0,47457.99
DSD716RV85HPTA      ,DS,DS 7,1.6 PureTech 180 Rivoli 5dr EAT8,33895.83,583.33,55,180,13,3.5,0,0,34898.62,CAR,585,35303.62
BMX220XMS5HDTA4     ,BMW,X2,xDrive 18d M Sport X 5dr Step Auto,32820.83,708.33,55,180,7,0,0,0,37713.04,CAR,230,37763.04
BMX220M3I5HPTA4     ,BMW,X2,M35i 5dr Step Auto,38250,708.33,55,555,7,0,0,0,44147,CAR,945,44537
AUET005I25EE A4     ,AUDI,E-TRON,300kW 55 Quattro 95kWh S Line 5dr Auto C+S 22kWCh,68512.5,550,55,0,0,0,0,0,82930,CAR,0,82930
AUET00TE25HE A4     ,AUDI,E-TRON,230kW 50 Quattro 71kWh Technik 5dr Auto [22kWCh],53683.33,550,55,0,0,0,0,0,65135,CAR,0,65135
SEAN15FS 5HPTA  1   ,SEAT,ARONA,1.5 TSI 150 FR Sport 5dr DSG,21954.17,0,55,180,18,0,0,0,21837.9,CAR,230,21887.9
VACO00PSE5HE A  6   ,VAUXHALL,CORSA,100kW SE Premium 50kWh 5dr Auto [11kWCh],22125,583.33,55,0,6.5,1,0,1500,23813.75,CAR,0,23813.75
BMI300S255HE A  1   ,BMW,I3,125kW 42kWh 5dr Auto [Suite Interior World],29083.33,708.33,55,0,6,0,0,0,33710.99,CAR,0,33710.99
BMI3002555HE A  1   ,BMW,I3,125kW 42kWh 5dr Auto,27416.67,708.33,55,0,6,0,0,0,31831,CAR,0,31831
BMI30025W5HE A  1   ,BMW,I3,125kW 42kWh 5dr Auto [Lodge Interior World],28666.67,708.33,55,0,6,0,0,0,33241,CAR,0,33241
BMI3001255HE A  1   ,BMW,I3,125kW 42kWh 5dr Auto [Loft Interior World],28250,708.33,55,0,6,0,0,0,32771,CAR,0,32771
BMI300SI55HE A  1   ,BMW,I3,135kW S 42kWh 5dr Auto [Loft Interior World],29083.33,708.33,55,0,6,0,0,0,33710.99,CAR,0,33710.99
BMI300SW55HE A  1   ,BMW,I3,135kW S 42kWh 5dr Auto [Suite Interior World],29916.67,708.33,55,0,6,0,0,0,34651,CAR,0,34651
BMI300SR55HE A  1   ,BMW,I3,135kW S 42kWh 5dr Auto,28250,708.33,55,0,6,0,0,0,32771,CAR,0,32771
BMI300SL55HE A  1   ,BMW,I3,135kW S 42kWh 5dr Auto [Lodge Interior World],29500,708.33,55,0,6,0,0,0,34181,CAR,0,34181
BMZ4203SP2RPTA  3   ,BMW,Z4,sDrive 30i Sport 2dr Auto,34987.5,708.33,55,220,10,0,0,0,38911.5,CAR,585,39276.5
BMZ420MS 2RPTA  3   ,BMW,Z4,sDrive 20i M Sport 2dr Auto,33195.83,708.33,55,220,10,0,0,0,36976.5,CAR,585,37341.5
LEUX20FS 5HHIA      ,LEXUS,UX,250h 2.0 F-Sport 5dr CVT [Nav],30082.5,605,55,170,10,0,0,0,33440.1,CAR,180,33450.1
LEUX20PSR5HHIA      ,LEXUS,UX,250h 2.0 5dr CVT [Premium Plus/Sunroof],30628.33,605,55,170,10,0,0,0,34029.6,CAR,180,34039.6
LEUX20TAK5HHIA      ,LEXUS,UX,250h 2.0 Takumi 5dr CVT,35678.33,605,55,170,10,0,0,0,39483.6,CAR,180,39493.6
LEUX20FPF5HHIA      ,LEXUS,UX,250h 2.0 F-Sport 5dr CVT [Premium Plus/Sunroof],32540.83,605,55,170,10,0,0,0,36095.1,CAR,180,36105.1
LEUX20FTP5HHIA      ,LEXUS,UX,250h 2.0 F-Sport 5dr CVT [Takumi Pack],36290.83,605,55,170,10,0,0,0,40145.1,CAR,180,40155.1
LEUX20FPK5HHIA      ,LEXUS,UX,250h 2.0 F-Sport 5dr CVT [Premium Plus],31915.83,605,55,170,10,0,0,0,35420.1,CAR,180,35430.1
DSD715PRE5HDTA      ,DS,DS 7,1.5 BlueHDi Prestige 5dr EAT8,31162.5,583.33,55,160,0,0,0,0,38310,CAR,230,38380
DSD715PEL5HDTA      ,DS,DS 7,1.5 BlueHDi Performance Line 5dr EAT8,29037.5,583.33,55,160,9,3.5,0,0,31404.37,CAR,230,31474.37
MEGE30PLL5EPTA4 1   ,MERCEDES-BENZ,GLE,GLE 450 4Matic AMG Line Prem + 5dr 9G-Tron [7 St],63158.33,670.83,55,1345,8,0,0,0,71931.79,CAR,2005,72591.79
MEGE30LMA5EPTA4 1   ,MERCEDES-BENZ,GLE,GLE 450 4Matic AMG Line 5dr 9G-Tronic [7 Seats],56658.33,670.83,55,1345,8,0,0,0,64755.79,CAR,1410,64820.79
AUET00LED5EE A4     ,AUDI,E-TRON,300kW 55 Quattro 95kWh Launch Edition 5dr Auto,67995.83,550,55,0,0,0,0,0,82310,CAR,0,82310
AUET00   5EE A4     ,AUDI,E-TRON,300kW 55 Quattro 95kWh 5dr Auto,59037.5,550,55,0,0,0,0,0,71560,CAR,0,71560
SETR15SE 5EPIM      ,SEAT,TARRACO,1.5 TSI EVO SE 5dr,26041.67,0,55,220,19,0,0,0,25587.5,CAR,585,25952.5
SETR20XCE5EDTM      ,SEAT,TARRACO,2.0 TDI Xcellence 5dr,30379.17,0,55,180,19,0,0,0,29763.56,CAR,230,29813.56
SETR15XCE5EPIM      ,SEAT,TARRACO,1.5 TSI EVO Xcellence 5dr,28554.17,0,55,220,19,0,0,0,28029.66,CAR,585,28394.66
SETR20XCL5EDTM      ,SEAT,TARRACO,2.0 TDI Xcellence Lux 5dr,31958.33,0,55,180,19,0,0,0,31298.5,CAR,230,31348.5
SETR20SEY5EDTM      ,SEAT,TARRACO,2.0 TDI SE Technology 5dr,29095.83,0,55,180,19,0,0,0,28516.14,CAR,230,28566.14
TORA25EXL5EHIA  7   ,TOYOTA,RAV4,2.5 VVT-i Hybrid Excel 5dr CVT 2WD,31374.17,605,55,150,2,0,0,0,37827.03,CAR,180,37857.03
TORA25DES5EHIA4 7   ,TOYOTA,RAV4,2.5 VVT-i Hybrid Design 5dr CVT,30832.5,605,55,150,2,0,0,0,37190.02,CAR,220,37260.02
TORA25DJP5EHIA  7   ,TOYOTA,RAV4,2.5 VVT-i Hybrid Dynamic 5dr CVT [JBL + PVM] 2WD,32361.67,605,55,150,2,0,0,0,38988.33,CAR,180,39018.33
TORA25DYN5EHIA  7   ,TOYOTA,RAV4,2.5 VVT-i Hybrid Dynamic 5dr CVT 2WD,31707.5,605,55,150,2,0,0,0,38219.02,CAR,180,38249.02
TORA25EXR5EHIA4 7   ,TOYOTA,RAV4,2.5 VVT-i Hybrid Excel 5dr CVT [Pan Roof],34036.67,605,55,150,2,0,0,0,40958.13,CAR,220,41028.13
MEAC20PS45HPTA4 6   ,MERCEDES-BENZ,A CLASS,A45 S 4Matic+ Plus 5dr Auto,47037.5,670.83,55,1345,0,0,0,0,58650,CAR,1420,58725
TORA25EJP5EHIA  7   ,TOYOTA,RAV4,2.5 VVT-i Hybrid Excel 5dr CVT [JBL + PVM] 2WD,32028.33,605,55,150,2,0,0,0,38596.31,CAR,180,38626.31
TORA25DIP5EHIA  7   ,TOYOTA,RAV4,2.5 VVT-i Hybrid Dynamic 5dr CVT [Pan Roof] 2WD,32424.17,605,55,150,2,0,0,0,39061.83,CAR,180,39091.83
TORA25DYN5EHIA4 7   ,TOYOTA,RAV4,2.5 VVT-i Hybrid Dynamic 5dr CVT,33657.5,605,55,150,2,0,0,0,40512.22,CAR,220,40582.22
TORA25DIP5EHIA4 7   ,TOYOTA,RAV4,2.5 VVT-i Hybrid Dynamic 5dr CVT [Pan Roof],34374.17,605,55,150,2,0,0,0,41355.03,CAR,220,41425.03
TOCO18ICT5HHIA  8   ,TOYOTA,COROLLA,1.8 VVT-i Hybrid Icon Tech 5dr CVT,21595,605,55,105,17,0,0,0,22394.62,CAR,160,22449.62
TOCO20EXR5HHIA  8   ,TOYOTA,COROLLA,2.0 VVT-i Hybrid Excel 5dr CVT [Panoramic Roof],25990.83,605,55,105,17,0,0,0,26772.87,CAR,180,26847.87
TOCO20DES5HHIA  8   ,TOYOTA,COROLLA,2.0 VVT-i Hybrid Design 5dr CVT,23949.17,605,55,105,17,0,0,0,24739.37,CAR,180,24814.37
TOCO18EXL5HHIA  8   ,TOYOTA,COROLLA,1.8 VVT-i Hybrid Excel 5dr CVT,23753.33,605,55,105,17,0,0,0,24544.31,CAR,180,24619.31
MEGG203LP5EXTA4 1   ,MERCEDES-BENZ,GLC COUPE,GLC 300e 4Matic AMG Line Premium 5dr 9G-Tronic,46420.83,670.83,55,15,8,0,0,0,52123.59,CAR,15,52123.59
TOCO18DES5HHIA  8   ,TOYOTA,COROLLA,1.8 VVT-i Hybrid Design 5dr CVT,22511.67,605,55,105,17,0,0,0,23307.63,CAR,160,23362.63
TOCO18DSP5HHIA  8   ,TOYOTA,COROLLA,1.8 VVT-i Hybrid Design 5dr CVT [Panoramic Roof],23311.67,605,55,105,17,0,0,0,24104.43,CAR,160,24159.43
TOCO18DES5EHIA  8   ,TOYOTA,COROLLA,1.8 VVT-i Hybrid Design 5dr CVT,23607.5,605,55,105,17,0,0,0,24399.08,CAR,180,24474.08
TOCO18ICO5EHIA  8   ,TOYOTA,COROLLA,1.8 VVT-i Hybrid Icon 5dr CVT,21495,605,55,105,17,0,0,0,22295.02,CAR,160,22350.02
TOCO20EJP5HHIA  8   ,TOYOTA,COROLLA,2.0 VVT-i Hybrid Excel 5dr CVT [JBL/Pan Roof],26365.83,605,55,105,17,0,0,0,27146.37,CAR,180,27221.37
TOCO20EXB5HHIA  8   ,TOYOTA,COROLLA,2.0 VVT-i Hybrid Excel 5dr CVT [Bi-tone],25899.17,605,55,105,17,0,0,0,26681.57,CAR,180,26756.57
TOCO20EJB5HHIA  8   ,TOYOTA,COROLLA,2.0 VVT-i Hybrid Excel 5dr CVT [JBL/Bi-tone],26274.17,605,55,105,17,0,0,0,27055.07,CAR,180,27130.07
TOCO20DSP5EHIA  8   ,TOYOTA,COROLLA,2.0 VVT-i Hybrid Design 5dr CVT [Panoramic Roof],25845,605,55,105,17,0,0,0,26627.62,CAR,180,26702.62
TOCO20EJP5EHIA  8   ,TOYOTA,COROLLA,2.0 VVT-i Hybrid Excel 5dr CVT [JBL/Pan Roof],27978.33,605,55,105,17,0,0,0,28752.41,CAR,180,28827.41
TOCO20EXL5EHIA  8   ,TOYOTA,COROLLA,2.0 VVT-i Hybrid Excel 5dr CVT,26803.33,605,55,105,17,0,0,0,27582.11,CAR,180,27657.11
TOCO20DES5EHIA  8   ,TOYOTA,COROLLA,2.0 VVT-i Hybrid Design 5dr CVT,25045,605,55,105,17,0,0,0,25830.82,CAR,180,25905.82
MEBC20SPO5HDTA  4   ,MERCEDES-BENZ,B CLASS,B200d Sport 5dr Auto,25070.83,670.83,55,180,8,0,0,0,28718.19,CAR,230,28768.19
MEBC13SPO5HPTA  4   ,MERCEDES-BENZ,B CLASS,B180 Sport 5dr Auto,22862.5,670.83,55,180,8,0,0,0,26280.2,CAR,230,26330.2
KIPC16GT 5EPTA  5   ,KIA,PRO CEED,1.6T GDi ISG GT 5dr DCT,23270.83,537.5,55,220,0,0,0,0,28845,CAR,585,29210
TEMS001005HE A4 1   ,TESLA,MODEL S,449kW 100kWh Dual Motor 5dr Auto,76916.67,708.33,55,0,0,0,0,0,93205,CAR,0,93205
TEMX001005HE A4     ,TESLA,MODEL X,449kW 100kWh Dual Motor 5dr Auto,78583.33,708.33,55,0,0,0,0,0,95204.99,CAR,0,95204.99
MEGE307AM5EDTA4 1   ,MERCEDES-BENZ,GLE,GLE 400d 4Matic AMG Line 5dr 9G-Tronic [7 Seat],56479.17,670.83,55,895,8,0,0,0,64108,CAR,1420,64633
TOCO18ICT4SHIA  8   ,TOYOTA,COROLLA,1.8 VVT-i Hybrid Icon Tech 4dr CVT,20411.67,605,55,105,17,0,0,0,21216.03,CAR,160,21271.03
TOCO18ICO4SHIA  8   ,TOYOTA,COROLLA,1.8 VVT-i Hybrid Icon 4dr CVT,19382.5,605,55,105,17,0,0,0,20190.98,CAR,160,20245.98
TOCO18DES4SHIA  8   ,TOYOTA,COROLLA,1.8 VVT-i Hybrid Design 4dr CVT,21249.17,605,55,105,17,0,0,0,22050.17,CAR,160,22105.17
NILE00E3Z5HE A  1   ,NISSAN,LEAF,160kW e+ 3.Zero 62kWh 5dr Auto,33533.33,0,55,0,3,9,0,0,35466.2,CAR,0,35466.2
VWTC10SE 5EPTM      ,VOLKSWAGEN,T-CROSS,1.0 TSI SE 5dr,17708.33,529.17,55,180,16,0,0,0,18720,CAR,190,18730
DS3C12PEL5HPTM      ,DS,DS 3,1.2 PureTech Performance Line 5dr,20704.17,583.33,55,160,12,3.5,0,0,21909.02,CAR,190,21939.02
DS3C12PL35HPTA      ,DS,DS 3,1.2 PureTech 130 Performance Line 5dr EAT8,22920.83,583.33,55,160,12,3.5,0,0,24156.72,CAR,230,24226.72
BM3120MS 4SDTM  8   ,BMW,3 SERIES,318d M Sport 4dr,30233.33,708.33,55,180,7,0,0,0,34825.4,CAR,190,34835.4
TOPU18BEP5HHIA  3   ,TOYOTA,PRIUS,1.8 VVTi Business Edition Plus 5dr CVT,22465.83,605,55,105,14,0,0,0,24070.73,CAR,160,24125.73
TOPU18BE55HHIA  3   ,TOYOTA,PRIUS,1.8 VVTi Business Ed Plus 5dr CVT [15 inch alloy],22199.17,605,55,15,14,0,0,0,23705.55,CAR,140,23830.55
TOPU18EX55HHIA  3   ,TOYOTA,PRIUS,1.8 VVTi Excel 5dr CVT [15 inch alloy],23107.5,605,55,15,14,0,0,0,24642.94,CAR,140,24767.94
TOPU18EXL5HHIA  3   ,TOYOTA,PRIUS,1.8 VVTi Excel 5dr CVT,23374.17,605,55,105,14,0,0,0,25008.15,CAR,160,25063.15
BMI300SSW5HE A  1   ,BMW,I3,135kW S 33kWh 5dr Auto [Suite Interior World],31870.83,566.67,55,0,6,0,0,0,36685.3,CAR,0,36685.3
TEMX0010E5HE A4     ,TESLA,MODEL X,449kW 100kWh Dual Motor 5dr Auto [Auto pilot],82666.67,708.33,55,0,0,0,0,0,100105,CAR,0,100105
TEMX001075HE A4     ,TESLA,MODEL X,449kW 100kWh Dual Motor 5dr Auto [7 Seat],81000,708.33,55,0,0,0,0,0,98105,CAR,0,98105
TEMX005S75HE A4     ,TESLA,MODEL X,245kW 75kWh Dual Motor 5dr Auto [7 Seat],69500,708.33,55,0,0,0,0,0,84305,CAR,0,84305
TEMX005S65HE A4     ,TESLA,MODEL X,245kW 75kWh Dual Motor 5dr Auto [6 Seat],71916.67,708.33,55,0,0,0,0,0,87205,CAR,0,87205
TEMX001E75HE A4     ,TESLA,MODEL X,449kW 100kWh Dual Motor 5dr Auto [Auto pilot/7St],85083.33,708.33,55,0,0,0,0,0,103004.99,CAR,0,103004.99
TEMX0016E5HE A4     ,TESLA,MODEL X,449kW Perform Ludicrous 100kWh DM 5dr Auto AP/6 St,122916.67,708.33,55,0,0,0,0,0,148405,CAR,0,148405
TEMX0056A5HE A4     ,TESLA,MODEL X,245kW 75kWh Dual Motor 5dr Auto [Auto pilot/6St],76000,708.33,55,0,0,0,0,0,92105,CAR,0,92105
TEMS001PE5HE A4 1   ,TESLA,MODEL S,449kW Perform Ludicrous 100kWh DM 5dr Auto [AP],112750,708.33,55,0,0,0,0,0,136205,CAR,0,136205
TEMS005EA5HE A4 1   ,TESLA,MODEL S,241kW 75kWh Dual Motor 5dr Auto [Auto pilot],65333.33,708.33,55,0,0,0,0,0,79304.99,CAR,0,79304.99
TEMS0010E5HE A4 1   ,TESLA,MODEL S,449kW 100kWh Dual Motor 5dr Auto [Auto pilot],81000,708.33,55,0,0,0,0,0,98105,CAR,0,98105
MECA132OA4SPTA  2   ,MERCEDES-BENZ,CLA,CLA 200 AMG Line 4dr Tip Auto,27400,670.83,55,180,0,0,0,0,33920,CAR,230,33970
MECA132OG4SPTA  2   ,MERCEDES-BENZ,CLA,CLA 200 AMG Line Premium Plus 4dr Tip Auto,29900,670.83,55,180,0,0,0,0,36920,CAR,230,36970
MECA138AL4SPTA  2   ,MERCEDES-BENZ,CLA,CLA 180 AMG Line 4dr Tip Auto,26108.33,670.83,55,180,0,0,0,0,32369.99,CAR,230,32419.99
MECA138PP4SPTA  2   ,MERCEDES-BENZ,CLA,CLA 180 AMG Line Premium Plus 4dr Tip Auto,28608.33,670.83,55,180,0,0,0,0,35369.99,CAR,230,35419.99
MECA2025G4SPTA  2   ,MERCEDES-BENZ,CLA,CLA 250 AMG Line Premium Plus 4dr Tip Auto,31150,670.83,55,220,0,0,0,0,38460,CAR,585,38825
MECA2025M4SPTA  2   ,MERCEDES-BENZ,CLA,CLA 250 AMG Line Premium 4dr Tip Auto,29900,670.83,55,220,0,0,0,0,36960,CAR,585,37325
NILE00EPT5HE A  1   ,NISSAN,LEAF,160kW e+ Tekna 62kWh 5dr Auto,29075,0,55,0,3,9,0,0,30758.2,CAR,0,30758.2
BMX220SPO5HDTA      ,BMW,X2,sDrive 18d Sport 5dr Step Auto,29012.5,708.33,55,180,7,0,0,0,33462.95,CAR,230,33512.95
MNCC15CLC6EPTA  3   ,MINI,CLUBMAN,1.5 Cooper Classic 6dr Auto [Comfort Pack],21004.17,437.5,55,180,3,0,0,0,25208.85,CAR,230,25258.85
MNCC15CCN6EPTM  3   ,MINI,CLUBMAN,1.5 Cooper Classic 6dr [Comfort/Nav+ Pack],20754.17,437.5,55,180,3,0,0,0,24917.85,CAR,230,24967.85
MNCC15SCN6EPTA  3   ,MINI,CLUBMAN,1.5 Cooper Sport 6dr Auto [Comfort/Nav+ Pack],25087.5,437.5,55,180,3,0,0,0,29961.86,CAR,230,30011.86
MNCC15SPC6EPTM  3   ,MINI,CLUBMAN,1.5 Cooper Sport 6dr [Comfort Pack],22670.83,437.5,55,180,3,0,0,0,27148.85,CAR,230,27198.85
MNCC15CCN6EPTA  3   ,MINI,CLUBMAN,1.5 Cooper Classic 6dr Auto [Comfort/Nav+ Pack],22087.5,437.5,55,180,3,0,0,0,26469.86,CAR,230,26519.86
MNCC15SCN6EPTM  3   ,MINI,CLUBMAN,1.5 Cooper Sport 6dr [Comfort/Nav+ Pack],23754.17,437.5,55,180,3,0,0,0,28409.85,CAR,230,28459.85
MNCC15EXL6EPTM  3   ,MINI,CLUBMAN,1.5 Cooper Exclusive 6dr,21920.83,437.5,55,180,3,0,0,0,26275.85,CAR,230,26325.85
MNCC15SP 6EPTA  3   ,MINI,CLUBMAN,1.5 Cooper Sport 6dr Auto,23254.17,437.5,55,180,3,0,0,0,27827.85,CAR,230,27877.85
MNCC15ECN6EPTA  3   ,MINI,CLUBMAN,1.5 Cooper Exclusive 6dr Auto [Comfort/Nav+ Pack],25087.5,437.5,55,180,3,0,0,0,29961.86,CAR,230,30011.86
MNCC15EXC6EPTA  3   ,MINI,CLUBMAN,1.5 Cooper Exclusive 6dr Auto [Comfort Pack],24004.17,437.5,55,180,3,0,0,0,28700.85,CAR,230,28750.85
MNSC20JCW6EPTA4 3   ,MINI,CLUBMAN,2.0 John Cooper Works ALL4 6dr Auto,29400,437.5,55,555,3,0,0,0,35356.6,CAR,585,35386.6
LERC50TP 2CPIA  1   ,LEXUS,RC,5.0 2dr Auto [Track Pack],62686.67,605,55,2245,7,0,0,0,72984.32,CAR,2365,73104.32
LERC50   2CPIA  1   ,LEXUS,RC,5.0 2dr Auto,54561.67,605,55,2245,7,0,0,0,63916.82,CAR,2365,64036.82
LERC50SUN2CPIA  1   ,LEXUS,RC,5.0 2dr Auto [Sunroof],55311.67,605,55,2245,7,0,0,0,64753.82,CAR,2365,64873.82
TEM300LR 4SE A4     ,TESLA,MODEL 3,Long Range AWD 4dr Auto,45000,779.17,55,0,0,0,0,0,54990,CAR,0,54990
SMFB00ENS2BE A  2   ,SMART,FORTWO CABRIO,60kW EQ Edition Nightsky 17kWh 2dr Auto [22kWCh],22316.67,250,55,0,8,0,0,0,24992.61,CAR,0,24992.61
MECA20A354SPTA4 2   ,MERCEDES-BENZ,CLA,CLA 35 4Matic 4dr Tip Auto,33675,670.83,55,555,0,0,0,0,41825,CAR,945,42215
LERC50CAT2CPIA  1   ,LEXUS,RC,5.0 Carbon 2dr Auto [Track Pack],68520,605,55,2245,7,0,0,0,79494.32,CAR,2365,79614.32
MECA20L354SPTA4 2   ,MERCEDES-BENZ,CLA,CLA 35 Premium Plus 4Matic 4dr Tip Auto,38675,670.83,55,555,0,0,0,0,47825,CAR,1420,48690
MECA202PP4SDTA  2   ,MERCEDES-BENZ,CLA,CLA 220d AMG Line Premium Plus 4dr Tip Auto,32108.33,670.83,55,160,0,0,0,0,39549.99,CAR,230,39619.99
MECA2022L4SDTA  2   ,MERCEDES-BENZ,CLA,CLA 220d AMG Line 4dr Tip Auto,29608.33,670.83,55,160,0,0,0,0,36549.99,CAR,230,36619.99
MECA202LP4SDTA  2   ,MERCEDES-BENZ,CLA,CLA 220d AMG Line Premium 4dr Tip Auto,30858.33,670.83,55,160,0,0,0,0,38049.99,CAR,230,38119.99
VWPA15SL15EPTM  7   ,VOLKSWAGEN,PASSAT,1.5 TSI EVO SEL 5dr,26662.5,529.17,55,180,21,0,0,0,26146.06,CAR,230,26196.06
MEVC20ALG5EDTA  2   ,MERCEDES-BENZ,V CLASS,V220 d AMG Line 5dr 9G-Tronic [Long],51287.5,670.83,55,555,4,0,0,0,60498.2,CAR,1420,61363.2
MEVC20SPN5EDTA  2   ,MERCEDES-BENZ,V CLASS,V220 d Sport 5dr 9G-Tronic [Long],49729.17,670.83,55,555,4,0,0,0,58703,CAR,1420,59568
VWPA15RLI5EPTA  7   ,VOLKSWAGEN,PASSAT,1.5 TSI EVO R-Line 5dr DSG,30570.83,529.17,55,180,21,0,0,0,29851.16,CAR,230,29901.16
VWPA14GTV5EXTA  7   ,VOLKSWAGEN,PASSAT,1.4 TSI PHEV GTE Advance 5dr DSG,36950,529.17,55,0,21,0,0,0,35718.6,CAR,0,35718.6
VWPA14GTE5EXTA  7   ,VOLKSWAGEN,PASSAT,1.4 TSI PHEV GTE 5dr DSG,34708.33,529.17,55,0,21,0,0,0,33593.5,CAR,0,33593.5
MEVC20SPX5EDTA  2   ,MERCEDES-BENZ,V CLASS,V220 d Sport 5dr 9G-Tronic [Extra Long],48566.67,670.83,55,555,4,0,0,0,57363.8,CAR,1420,58228.8
MEVC20AXL5EDTA  2   ,MERCEDES-BENZ,V CLASS,V220 d AMG Line 5dr 9G-Tronic [Extra Long],50129.17,670.83,55,555,4,0,0,0,59163.8,CAR,1420,60028.8
VWPA20RLI5EDTA  7   ,VOLKSWAGEN,PASSAT,2.0 TDI EVO SCR R-Line 5dr DSG,32562.5,529.17,55,160,21,0,0,0,31719.26,CAR,230,31789.26
MEGE30G5P5EPTA4 1   ,MERCEDES-BENZ,GLE,GLE 53 4Matic+ Prem + 5dr 9G-Tronic [7 Seats],69558.33,670.83,55,1345,0,0,0,0,85674.99,CAR,2005,86334.99
DSD716PL85HPTA      ,DS,DS 7,1.6 PureTech 180 Performance Line 5dr EAT8,29687.5,583.33,55,180,9,3.5,0,0,32106.87,CAR,585,32511.87
MEEQ00SPO5EE A4     ,MERCEDES-BENZ,EQC,EQC 400 300kW Sport 80kWh 5dr Auto,57645.83,670.83,55,0,6,0,0,0,65884.49,CAR,0,65884.49
MEEQ00PLL5EE A4     ,MERCEDES-BENZ,EQC,EQC 400 300kW AMG Line Premium Plus 80kWh 5dr Auto,65054.17,670.83,55,0,6,0,0,0,74241.1,CAR,0,74241.1
MEEQ00ED85EE A4     ,MERCEDES-BENZ,EQC,EQC 400 300kW Edition 1886 80kWh 5dr Auto,65454.17,616.67,55,0,6,0,0,0,74627.31,CAR,0,74627.31
BM1S20M135HPTA4 4   ,BMW,1 SERIES,M135i xDrive 5dr Step Auto,30816.67,708.33,55,555,5,0,0,0,36591,CAR,585,36621
KINI163  5EHIA  1   ,KIA,NIRO,1.6 GDi Hybrid 3 5dr DCT,22704.17,537.5,55,130,0,0,0,0,28075,CAR,180,28125
KINI162  5EHIA  1   ,KIA,NIRO,1.6 GDi Hybrid 2 5dr DCT,20712.5,537.5,55,105,0,0,0,0,25660,CAR,160,25715
MEGG2022L5EDTA4 1   ,MERCEDES-BENZ,GLC COUPE,GLC 220d 4Matic AMG Line 5dr 9G-Tronic,40016.67,670.83,55,220,8,0,0,0,45258.4,CAR,585,45623.4
MEGG203PL5EDTA4 1   ,MERCEDES-BENZ,GLC COUPE,GLC 300d 4Matic AMG Line Prem Plus 5dr 9G-Tronic,46354.17,670.83,55,555,8,0,0,0,52590,CAR,945,52980
MEGG202LP5EDTA4 1   ,MERCEDES-BENZ,GLC COUPE,GLC 220d 4Matic AMG Line Premium 5dr 9G-Tronic,42350,670.83,55,220,8,0,0,0,47834.4,CAR,945,48559.4
MEGS203LP5EDTA4 1   ,MERCEDES-BENZ,GLC,GLC 300d 4Matic AMG Line Premium 5dr 9G-Tronic,39708.33,670.83,55,555,8,0,0,0,45252.99,CAR,945,45642.99
MEGS202LP5EDTA4 1   ,MERCEDES-BENZ,GLC,GLC 220d 4Matic AMG Line Premium 5dr 9G-Tronic,38829.17,670.83,55,220,8,0,0,0,43947.4,CAR,585,44312.4
KISP16GTS5EPTA4 5   ,KIA,SPORTAGE,1.6T GDi GT-Line S 5dr DCT Auto [AWD],27208.33,537.5,55,555,0,0,0,0,33905,CAR,1420,34770
KICD103IS5HPTM  4   ,KIA,CEED,1.0T GDi ISG 3 5dr,18229.17,537.5,55,180,0,0,0,0,22755,CAR,190,22765
CIBL15FX35EDTA      ,CITROEN,BERLINGO,1.5 BlueHDi 130 Flair XTR M 5dr EAT8,22937.5,629.17,55,160,18,2.5,0,0,22852.38,CAR,230,22922.38
MNSC20JNW6EPTA4 3   ,MINI,CLUBMAN,2.0 John Cooper Works ALL4 6dr Auto [Nav+ Pack],30483.33,437.5,55,555,3,0,0,0,36617.6,CAR,585,36647.6
MEAC13PSO5HPTA  6   ,MERCEDES-BENZ,A CLASS,A180 Sport 5dr Auto,22550,670.83,55,180,8,0,0,0,25935.2,CAR,230,25985.2
BMX530XDM5EXTA4 5   ,BMW,X5,xDrive45e M Sport 5dr Auto,58670.83,708.33,55,0,8,0,0,0,65677.59,CAR,0,65677.59
BMX744M565EPTA4     ,BMW,X7,xDrive M50i 5dr Step Auto [6 Seat],79262.5,708.33,55,1910,10,0,0,0,88418.5,CAR,2365,88873.5
BMX744M505EPTA4     ,BMW,X7,xDrive M50i 5dr Step Auto,78766.67,708.33,55,1910,10,0,0,0,87883,CAR,2365,88338
KISL00FE 5HE A  4   ,KIA,SOUL,150kW First Edition 64kWh 5dr Auto,28579.17,537.5,55,0,0,0,0,0,34995,CAR,0,34995
MECA2025A5EPTA  2   ,MERCEDES-BENZ,CLA,CLA 250 AMG Line 5dr Tip Auto,29483.33,670.83,55,220,0,0,0,0,36459.99,CAR,585,36824.99
MECA138AP5EPTA  2   ,MERCEDES-BENZ,CLA,CLA 180 AMG Line Premium 5dr Tip Auto,28191.67,670.83,55,180,0,0,0,0,34870,CAR,230,34920
MECA2025M5EPTA  2   ,MERCEDES-BENZ,CLA,CLA 250 AMG Line Premium 5dr Tip Auto,30733.33,670.83,55,220,0,0,0,0,37959.99,CAR,585,38324.99
MECA20P355EPTA4 2   ,MERCEDES-BENZ,CLA,CLA 35 Premium 4Matic 5dr Tip Auto,36591.67,670.83,55,895,0,0,0,0,45665,CAR,1420,46190
MECA20L355EPTA4 2   ,MERCEDES-BENZ,CLA,CLA 35 Premium Plus 4Matic 5dr Tip Auto,39508.33,670.83,55,895,0,0,0,0,49164.99,CAR,1420,49689.99
MECA138PP5EPTA  2   ,MERCEDES-BENZ,CLA,CLA 180 AMG Line Premium Plus 5dr Tip Auto,29441.67,670.83,55,180,0,0,0,0,36370,CAR,230,36420
MECA2025G5EPTA  2   ,MERCEDES-BENZ,CLA,CLA 250 AMG Line Premium Plus 5dr Tip Auto,31983.33,670.83,55,220,0,0,0,0,39459.99,CAR,585,39824.99
KIXD102  5HPTM      ,KIA,XCEED,1.0T GDi ISG 2 5dr,16945.83,537.5,55,180,0,0,0,0,21215,CAR,230,21265
BMX1208XL5EDTA  3   ,BMW,X1,sDrive 18d xLine 5dr Step Auto,29675,708.33,55,180,7,0,0,0,34202.3,CAR,230,34252.3
BMX1208XL5EDTM  3   ,BMW,X1,sDrive 18d xLine 5dr,28341.67,708.33,55,180,7,0,0,0,32714.3,CAR,230,32764.3
BMX1208SP5EDTA  3   ,BMW,X1,sDrive 18d Sport 5dr Step Auto,28841.67,708.33,55,180,7,0,0,0,33272.3,CAR,230,33322.3
BMX120S185EDTM  3   ,BMW,X1,sDrive 18d SE 5dr,26050,708.33,55,180,7,0,0,0,30156.8,CAR,190,30166.8
BMX1208SP5EDTM  3   ,BMW,X1,sDrive 18d Sport 5dr,27508.33,708.33,55,180,7,0,0,0,31784.3,CAR,190,31794.3
BMX120M185EDTM  3   ,BMW,X1,sDrive 18d M Sport 5dr,29008.33,708.33,55,180,7,0,0,0,33458.3,CAR,230,33508.3
BMX120S185EDTA4 3   ,BMW,X1,xDrive 18d SE 5dr Step Auto,28633.33,708.33,55,180,7,0,0,0,33039.8,CAR,230,33089.8
BMX120M185EDTA  3   ,BMW,X1,sDrive 18d M Sport 5dr Step Auto,30341.67,708.33,55,180,7,0,0,0,34946.3,CAR,230,34996.3
BMX120M185EDTA4 3   ,BMW,X1,xDrive 18d M Sport 5dr Step Auto,31591.67,708.33,55,180,7,0,0,0,36341.3,CAR,230,36391.3
BMX1202SP5EDTA4 3   ,BMW,X1,xDrive 20d Sport 5dr Step Auto,31045.83,708.33,55,180,7,0,0,0,35732.14,CAR,230,35782.14
MECA138AL5EPTA  2   ,MERCEDES-BENZ,CLA,CLA 180 AMG Line 5dr Tip Auto,26941.67,670.83,55,180,0,0,0,0,33370,CAR,230,33420
BMX120M205EDTA4 3   ,BMW,X1,xDrive 20d M Sport 5dr Step Auto,32545.83,708.33,55,180,7,0,0,0,37406.14,CAR,230,37456.14
BMX1202XL5EDTA4 3   ,BMW,X1,xDrive 20d xLine 5dr Step Auto,31879.17,708.33,55,180,7,0,0,0,36662.15,CAR,230,36712.15
KICD102NA5HPTM  4   ,KIA,CEED,1.0T GDi ISG 2 NAV 5dr,16687.5,537.5,55,180,0,0,0,0,20905,CAR,190,20915
BMX644M505EPTA4 2   ,BMW,X6,xDrive M50i 5dr Auto,66479.17,708.33,55,1910,8,0,0,0,76208,CAR,2365,76663
BMZ42030M2RPTA  3   ,BMW,Z4,sDrive 30i M Sport 2dr  Auto,36445.83,708.33,55,220,10,0,0,0,40486.5,CAR,585,40851.5
LEUX20PRM5HHIA      ,LEXUS,UX,250h 2.0 5dr CVT [Premium Pack/Nav],28336.67,605,55,170,10,0,0,0,31554.6,CAR,180,31564.6
LEUX20FTP5HHIA4     ,LEXUS,UX,250h E4 2.0 F-Sport 5dr CVT [Takumi Pack],37382.5,605,55,210,10,0,0,0,41364.1,CAR,180,41334.1
TOCO20DSP5HHIA  8   ,TOYOTA,COROLLA,2.0 VVT-i Hybrid Design 5dr CVT [Panoramic Roof],24749.17,605,55,105,17,0,0,0,25536.17,CAR,180,25611.17
TOCO18EXB5HHIA  8   ,TOYOTA,COROLLA,1.8 VVT-i Hybrid Excel 5dr CVT [Bi-tone],24461.67,605,55,105,17,0,0,0,25249.83,CAR,180,25324.83
TOCO20EXR5EHIA  8   ,TOYOTA,COROLLA,2.0 VVT-i Hybrid Excel 5dr CVT [Panoramic Roof],27603.33,605,55,105,17,0,0,0,28378.91,CAR,180,28453.91
PE2800GTL5HE A  2   ,PEUGEOT,208,100kW GT Line 50kWh 5dr Auto,25962.5,595.83,55,0,2.5,2,0,0,30523.02,CAR,0,30523.02
DS3C00PRE5HE A      ,DS,DS 3,100kW E-TENSE Prestige 50kWh 5dr Auto,27704.17,583.33,55,0,0,0,0,0,34000,CAR,0,34000
DS3C00UP 5HE A      ,DS,DS 3,100kW E-TENSE Ultra Prestige 50kWh 5dr Auto,31537.5,583.33,55,0,0,0,0,0,38600,CAR,0,38600
LERX35FS 5EHIA4 5   ,LEXUS,RX,450h 3.5 F-Sport 5dr CVT,48874.17,605,55,210,12,0,0,0,52602.12,CAR,935,53327.12
DS3C00LP 5HE A      ,DS,DS 3,100kW E-TENSE La Premiere 50kWh 5dr Auto,32279.17,583.33,55,0,0,0,0,0,39490,CAR,0,39490
KINI00FE 5EE A  1   ,KIA,E-NIRO,150kW First Edition 64kWh 5dr Auto,29870.83,495.83,55,0,0,0,0,0,36494.99,CAR,0,36494.99
LERX35LPC5EHIA4 5   ,LEXUS,RX,450h L 3.5 5dr CVT [Premium pack],47990.83,605,55,210,12,0,0,0,51669.32,CAR,935,52394.32
LERX35TAK5EHIA4 5   ,LEXUS,RX,450h 3.5 Takumi 5dr CVT,54540.83,605,55,210,12,0,0,0,58586.12,CAR,935,59311.12
LERX35FPT5EHIA4 5   ,LEXUS,RX,450h 3.5 F-Sport 5dr CVT [Premium +Tech/Safety pk],50999.17,605,55,210,12,0,0,0,54846.12,CAR,935,55571.12
LERX35FTP5EHIA4 5   ,LEXUS,RX,450h 3.5 F-Sport 5dr CVT [Takumi pack],53707.5,605,55,210,12,0,0,0,57706.12,CAR,935,58431.12
LERX35LTK5EHIA4 5   ,LEXUS,RX,450h L 3.5 Takumi 5dr CVT,55290.83,605,55,210,12,0,0,0,59378.12,CAR,935,60103.12
KICD10GTL5HPTM  4   ,KIA,CEED,1.0T GDi ISG GT-Line 5dr,18920.83,537.5,55,180,0,0,0,0,23585,CAR,190,23595
BMZ430M4T2RPTA  3   ,BMW,Z4,sDrive M40i 2dr Auto [Tech Pack],43570.83,708.33,55,555,10,0,0,0,48516.5,CAR,945,48906.5
BM3A20MTE4SPTA  8   ,BMW,3 SERIES,320i M Sport 4dr Step Auto [Tech Pack],30595.83,708.33,55,180,7,0,0,0,35229.94,CAR,230,35279.94
BM3 20MTE4SPTA  8   ,BMW,3 SERIES,330i M Sport 4dr Step Auto [Tech Pack],33808.33,708.33,55,220,7,0,0,0,38855.1,CAR,230,38865.1
TEMX005E75HE A4     ,TESLA,MODEL X,245kW 75kWh Dual Motor 5dr Auto [Auto pilot/7St],73583.33,708.33,55,0,0,0,0,0,89204.99,CAR,0,89204.99
BMX120TMP5EDTA4 3   ,BMW,X1,xDrive 20d M Sport 5dr Step Auto [Tech Pack II],33587.5,708.33,55,180,7,0,0,0,38568.65,CAR,230,38618.65
BMX120SMT5EDTA4 3   ,BMW,X1,xDrive 18d M Sport 5dr Step Auto [Tech Pack II],32633.33,708.33,55,180,7,0,0,0,37503.8,CAR,230,37553.8
MNCC15CL 6EPTM  3   ,MINI,CLUBMAN,1.5 Cooper Classic 6dr,18920.83,437.5,55,180,3,0,0,0,22783.85,CAR,230,22833.85
VWPA15SEN5EPTA  7   ,VOLKSWAGEN,PASSAT,1.5 TSI EVO SE Nav 5dr DSG,27412.5,529.17,55,180,21,0,0,0,26857.06,CAR,230,26907.06
VWPA20SEN5EDTA  7   ,VOLKSWAGEN,PASSAT,2.0 TDI EVO SCR SE Nav 5dr DSG,29404.17,529.17,55,160,21,0,0,0,28725.15,CAR,190,28755.15
VWPA20SEN5EDTM  7   ,VOLKSWAGEN,PASSAT,2.0 TDI EVO SCR SE Nav 5dr,28070.83,529.17,55,160,21,0,0,0,27461.16,CAR,190,27491.16
VWPA20SL15EDTA  7   ,VOLKSWAGEN,PASSAT,2.0 TDI EVO SCR SEL 5dr DSG,29987.5,529.17,55,160,21,0,0,0,29278.16,CAR,190,29308.16
MA2 15LSE5HPIM  4   ,MAZDA,2,1.5 Skyactiv G 75 SE-L 5dr,13633.33,0,55,140,17,0,0,0,13773.79,CAR,170,13803.79
MEVC20M2P4EDTA  2   ,MERCEDES-BENZ,V CLASS,V220 d Marco Polo Sport 4dr 9G-Tronic [Long],54100,670.83,55,555,4,0,0,0,63738.2,CAR,1420,64603.2
KISP164V25EDTA  5   ,KIA,SPORTAGE,1.6 CRDi 48V ISG 2 5dr DCT Auto,22541.67,537.5,55,180,0,0,0,0,27930,CAR,220,27970
MEGB132OA5EPTA      ,MERCEDES-BENZ,GLB,GLB 200 AMG Line 5dr 7G-Tronic,30100,670.83,55,220,8,0,0,0,34310.4,CAR,585,34675.4
MEEQ00ET15EE A4     ,MERCEDES-BENZ,EQC,EQC 400 300kW Edition 1 80kWh 5dr Auto,61437.5,616.67,55,0,6,0,0,0,70096.5,CAR,0,70096.5
MEGB202OM5EDTA      ,MERCEDES-BENZ,GLB,GLB 200d AMG Line Premium 5dr 8G-Tronic,33516.67,670.83,55,180,8,0,0,0,38042.4,CAR,230,38092.4
TOCH20DES5HHIA  1   ,TOYOTA,C-HR,2.0 Hybrid Design 5dr CVT,26361.67,605,55,130,19,0,0,0,26534.54,CAR,180,26584.54
MEGB20MPL5EDTA4     ,MERCEDES-BENZ,GLB,GLB 220d 4Matic AMG Line Prem Plus 5dr 8G-Tronic,37391.67,670.83,55,220,8,0,0,0,42360.4,CAR,585,42725.4
MEGB20MLM5EDTA4     ,MERCEDES-BENZ,GLB,GLB 220d 4Matic AMG Line Premium 5dr 8G-Tronic,36141.67,670.83,55,220,8,0,0,0,40980.4,CAR,585,41345.4
TOCH18EXJ5HHIA  1   ,TOYOTA,C-HR,1.8 Hybrid Excel 5dr CVT [JBL],27261.67,605,55,105,19,0,0,0,27384.34,CAR,180,27459.34
TOCH20EXJ5HHIA  1   ,TOYOTA,C-HR,2.0 Hybrid Excel 5dr CVT [JBL],28611.67,605,55,130,19,0,0,0,28721.54,CAR,180,28771.54
TOCH20DSL5HHIA  1   ,TOYOTA,C-HR,2.0 Hybrid Design 5dr CVT [Leather],27357.5,605,55,130,19,0,0,0,27502.5,CAR,180,27552.5
TOCH18EXL5HHIA  1   ,TOYOTA,C-HR,1.8 Hybrid Excel 5dr CVT,26682.5,605,55,105,19,0,0,0,26821.4,CAR,180,26896.4
DSD716PRE5HXTA4     ,DS,DS 7,1.6 E-TENSE 4X4 Prestige 5dr EAT8,41537.5,583.33,55,0,0,0,0,0,50600,CAR,0,50600
DSD716PEL5HXTA4     ,DS,DS 7,1.6 E-TENSE 4X4 Performance Line 5dr EAT8,38162.5,583.33,55,0,12,3.5,0,0,39451.77,CAR,0,39451.77
MECA20PS44SPTA4 2   ,MERCEDES-BENZ,CLA,CLA 45 S 4Matic+ Plus 4dr Tip Auto,48904.17,670.83,55,895,0,0,0,0,60440,CAR,1420,60965
KINI164  5EHIA  1   ,KIA,NIRO,1.6 GDi Hybrid 4 5dr DCT,24612.5,537.5,55,130,0,0,0,0,30365,CAR,180,30415
MEGS2022L5EDTA4 1   ,MERCEDES-BENZ,GLC,GLC 220d 4Matic AMG Line 5dr 9G-Tronic,36495.83,670.83,55,220,8,0,0,0,41371.39,CAR,585,41736.39
POTY001  4SE A4     ,PORSCHE,TAYCAN,500kW Turbo 93kWh 4dr Auto,97391.67,0,55,0,0,0,0,0,116925,CAR,0,116925
BMX544   5EPTA4 5   ,BMW,X5,xDrive M50i 5dr Auto,64229.17,708.33,55,1910,8,0,0,0,73724,CAR,2365,74179
MEGS203PL5EPTA4 1   ,MERCEDES-BENZ,GLC,GLC 300 4Matic AMG Line Premium Plus 5dr 9G-Tronic,43029.17,670.83,55,895,8,0,0,0,49259.2,CAR,945,49309.2
MEGS304GS5EPTA4 1   ,MERCEDES-BENZ,GLC,GLC 43 4Matic Premium Plus 5dr TCT,48495.83,670.83,55,1910,0,0,0,0,60964.99,CAR,2015,61069.99
MEGS304GR5EPTA4 1   ,MERCEDES-BENZ,GLC,GLC 43 4Matic Premium 5dr TCT,44916.67,670.83,55,1910,0,0,0,0,56670,CAR,2015,56775
MEGG304GR5EPTA4 1   ,MERCEDES-BENZ,GLC COUPE,GLC 43 4Matic Premium 5dr TCT,47795.83,670.83,55,1910,0,0,0,0,60124.99,CAR,2015,60229.99
MEGG304GS5EPTA4 1   ,MERCEDES-BENZ,GLC COUPE,GLC 43 4Matic Premium plus 5dr TCT,51375,670.83,55,1910,0,0,0,0,64420,CAR,2015,64525
MECA132OA5EPTA  2   ,MERCEDES-BENZ,CLA,CLA 200 AMG Line 5dr Tip Auto,28233.33,670.83,55,180,0,0,0,0,34919.99,CAR,230,34969.99
PE2800ALL5HE A  2   ,PEUGEOT,208,100kW Allure 50kWh 5dr Auto,24670.83,625,55,0,0,2,0,1500,28317.89,CAR,0,28317.89
LERX35PRM5EHIA4 5   ,LEXUS,RX,450h 3.5 5dr CVT [Premium pack],46790.83,605,55,210,12,0,0,0,50402.12,CAR,935,51127.12
BM7E30MSU4SXTA  8   ,BMW,7 SERIES,745e M Sport 4dr Auto [Ultimate Pack],89537.5,708.33,55,15,12,0,0,0,95471.6,CAR,0,95456.6
BM7E30LMU4SXTA4 8   ,BMW,7 SERIES,745Le xDrive M Sport 4dr Auto [Ultimate Pack],96950,708.33,55,15,12,0,0,0,103299.2,CAR,15,103299.2
BM5M44MCO5EPTA4 2   ,BMW,X5 M,xDrive X5 M Competition 5dr Step Auto,93500,708.33,55,2245,10,0,0,0,104130,CAR,2365,104250
TOCO20GSP5EHIA  8   ,TOYOTA,COROLLA,2.0 VVT-i Hybrid GR Sport 5dr CVT,26453.33,605,55,105,17,0,0,0,27233.51,CAR,180,27308.51
PE5F16GT 5HXTA      ,PEUGEOT,508,1.6 Hybrid GT 5dr e-EAT8,31312.5,625,55,0,13.5,2,0,0,32555.87,CAR,0,32555.87
TOCO18GSP5EHIA  8   ,TOYOTA,COROLLA,1.8 VVT-i Hybrid GR Sport 5dr CVT,24832.5,605,55,105,17,0,0,0,25619.18,CAR,180,25694.18
TOCO18GSP5HHIA  8   ,TOYOTA,COROLLA,1.8 VVT-i Hybrid GR Sport 5dr CVT,23774.17,605,55,105,17,0,0,0,24565.07,CAR,180,24640.07
TOCO20GSB5HHIA  8   ,TOYOTA,COROLLA,2.0 VVT-i Hybrid GR Sport 5dr CVT [Bi-tone],25420,605,55,105,17,0,0,0,26204.32,CAR,180,26279.32
PE5016GT 5EXTA  2   ,PEUGEOT,508,1.6 Hybrid GT 5dr e-EAT8,32770.83,625,55,0,15.5,2,0,0,33248.12,CAR,0,33248.12
Cap Code,Manufacturer,Model Name,Variant,Basic List,Ex Works,Registration Fee,RFL 1 Year,Discount,Dealer,Additional,Gov Grant,OTR,CapType,RFL,OTR
